Book Title,Original Price,Discount Price,Discount Percentage,Product Ratings,Reviews
"The psychology of money  - Paperback, Morgan housel boo...",₹299,₹398,24% off,4.5,"(17,008)"
Together With CUET UG Entrance Exam Books 2024 Psycholo...,₹299,N/A,N/A,N/A,N/A
Power of Your Subconscious Mind  - The Subconscious Cod...,₹145,₹250,42% off,4.5,"(55,629)"
"Develop Self-Confidence, Improve Public Speaking",₹156,₹195,20% off,4.4,"(3,811)"
Who Will Cry When You Die?,₹262,₹263,N/A,4.5,"(26,458)"
Psychology,₹830,₹850,2% off,4.5,"(1,476)"
The Power Of Positive Thinking,₹199,N/A,N/A,4.4,"(12,390)"
Phychology Of Money Book Rich Dad,₹299,₹891,66% off,4.2,"(9,024)"
The Psychology of Money  - Morgen Housel,₹319,₹399,20% off,4.5,"(17,008)"
The Power of Habit  - why we do what we do and how to c...,₹231,₹599,61% off,4.4,"(5,221)"
How to Stop Worrying and Start Living  - The First and ...,₹134,₹195,31% off,4.3,"(1,056)"
The Power of Your Subconscious Mind,₹306,₹395,22% off,4.5,"(1,632)"
The Art Of Seduction  - The art of seduction: Robert Gr...,₹259,₹799,67% off,4.4,(684)
influence,₹282,₹549,48% off,4.4,"(1,066)"
Psychology (Adaptation) Four Colour : Indian Subcontine...,₹749,N/A,N/A,4.5,"(2,701)"
Psychology Class 11 CBSE (2023-24),₹278,₹396,29% off,4.5,(382)
The Psychology Of Money - Hindi Edition (Dhan -Sampatti...,₹295,₹298,1% off,4.1,(375)
Mind Games : The Dual Facets Of Manipulation And Dark P...,₹199,₹300,33% off,N/A,N/A
The Psychology of Money,₹230,₹299,23% off,4.4,(150)
From the Diary of a Psychologist,₹280,N/A,N/A,4.5,(166)
The Miracles of Your Mind,₹207,₹245,15% off,4.4,"(1,213)"
The Power of Positive Thinking,₹643,₹699,8% off,4.4,"(12,390)"
Aakhiri Kitaab Jo Zindagi Badal De,₹335,₹357,6% off,4.4,"(2,074)"
Quiet,₹224,₹599,62% off,4.4,"(1,916)"
Rich Dad Poor Dad,₹260,N/A,N/A,4.5,"(1,975)"
Ikigai (??????),₹170,₹200,15% off,4.4,(487)
Man's Search For Meaning,₹119,₹299,60% off,4.4,"(14,514)"
Attitude is Everything,₹170,₹185,8% off,4.5,(995)
The Power Of Your Subconscious Mind (Bengali),₹189,₹199,5% off,4.3,"(1,052)"
As a Man Thinketh,₹230,N/A,N/A,N/A,N/A
"Dark Psychology: Prabhavan, Prerna, Dhokha aur Gupt, NL...",₹168,₹175,4% off,3.9,(23)
INTRODUCTION TO PSYCHOLOGY,₹470,N/A,N/A,4.7,(35)
Ego is the Enemy,₹260,₹499,47% off,4.4,(945)
Think and Grow Rich,₹284,₹345,17% off,4.5,"(72,752)"
Ego is the Enemy  - T,₹155,"₹1,452",89% off,4.4,(945)
"Think And Grow Rich  - Magic Formula for Success, Wealt...",₹131,₹385,65% off,4.5,"(72,752)"
As a man thinketh,₹126,₹140,10% off,4.4,"(19,406)"
Think and Grow Rich,₹287,₹299,4% off,4.5,"(72,752)"
You Can Heal Your Life  - Hindi Translation of Internat...,₹365,₹400,8% off,4.4,"(2,088)"
The Monk Who Sold His Ferrari,₹399,₹450,11% off,4.5,"(33,478)"
"The psychology of money  - Paperback, Morgan housel boo...",₹299,₹398,24% off,4.5,"(17,008)"
Phychology Of Money Book Rich Dad,₹299,₹891,66% off,4.2,"(9,024)"
Man's Search For Meaning,₹559,₹910,38% off,4.4,"(14,514)"
Swayam Ki Awaaz,₹249,₹299,16% off,4.6,(152)
You Can Heal Your Life,₹340,₹499,31% off,4.5,"(3,253)"
Jeet Aapki  - Success,₹143,₹399,64% off,4.5,"(10,653)"
The Power of Your Subconscious Mind,₹306,₹395,22% off,4.5,"(1,632)"
The Psychology Of Money - Hindi Edition (Dhan -Sampatti...,₹295,₹298,1% off,4.1,(375)
Think and Grow Rich,₹299,₹799,62% off,4.5,"(72,752)"
Think and Grow Rich,₹869,N/A,N/A,4.5,"(72,752)"
How to Stop Worrying and Start Living  - The First and ...,₹134,₹195,31% off,4.3,"(1,056)"
The First Minute,₹238,"₹2,122",88% off,4.2,(36)
The Concise 33 Strategies of War,₹204,₹399,48% off,4.4,(204)
How to Win Friends & Influence People  - The First and ...,₹149,₹150,N/A,4.5,"(16,518)"
The Power of Your Subconscious Mind (Bengali),₹191,₹199,4% off,4.3,"(1,052)"
NCERT Manovigyan Ka Parichaya-class 11,₹189,₹210,10% off,4.3,(264)
Mind Games : The Dual Facets Of Manipulation And Dark P...,₹199,₹300,33% off,N/A,N/A
The Psychology of Money,₹486,₹599,18% off,4.5,"(17,008)"
Shiksha Manovigyan,₹89,₹120,25% off,3.7,(12)
You Can Heal Your Life,₹180,₹300,40% off,4.4,"(2,088)"
Believe in Yourself,₹204,₹245,16% off,4.4,"(29,617)"
Think and Grow Rich,₹175,N/A,N/A,4.5,"(72,752)"
Think Like a Monk,N/A,N/A,N/A,4.7,"(16,742)"
As a Man Thinketh,₹126,₹140,10% off,4.4,"(19,406)"
The Monk Who Sold His Ferrari  - Monk Sold his Ferrari,₹240,₹255,5% off,4.5,"(33,478)"
Aapka Bhavishya Aapke Haath Mein,₹255,₹335,23% off,4.5,"(2,319)"
As a Man Thinketh,₹213,₹250,14% off,4.4,"(19,406)"
The Monk Who Sold His Ferrari,₹189,₹225,16% off,4.5,(467)
Mind Positive Life Posititve (মাইন্ড পজেটিভ লাইফ পজেটিভ...,₹99,₹175,43% off,4.3,(267)
The Power of Your Subconscious Mind,₹239,₹399,40% off,4.5,"(65,460)"
MPC-002: Life Span Psychology (IGNOU Study Guide Book),₹212,₹350,39% off,N/A,N/A
"Child Psychology and Development Paperback – Import, 13...",₹399,₹450,11% off,4.7,(14)
As A Man Thinketh,₹521,N/A,N/A,4.4,"(19,406)"
As a Man Thinketh,₹521,N/A,N/A,4.4,"(19,406)"
As a Man Thinketh,₹125,N/A,N/A,4.4,"(19,406)"
The Almanack Of Naval Ravikant,₹322,₹399,19% off,4.5,"(2,457)"
Believe in Yourself,₹272,₹345,21% off,4.4,"(29,617)"
Positive Thinking,₹211,₹300,29% off,4.6,(14)
The Myth of Normal,₹596,₹799,25% off,4.8,(39)
Jab Socho Bada Socho,₹250,N/A,N/A,4.2,(131)
"The psychology of money  - Paperback, Morgan housel boo...",₹299,₹398,24% off,4.5,"(17,008)"
Phychology Of Money Book Rich Dad,₹299,₹891,66% off,4.2,"(9,024)"
Think and Grow Rich,₹213,₹450,52% off,4.5,"(72,752)"
Think and Grow Rich,₹331,₹400,17% off,4.5,"(72,752)"
You Can (Malayalam),₹183,₹193,5% off,4.2,(45)
Surrounded by Idiots,₹403,₹599,32% off,4.5,(196)
The Power of Your Subconscious Mind,₹306,₹395,22% off,4.5,"(1,632)"
The Psychology Of Money - Hindi Edition (Dhan -Sampatti...,₹295,₹298,1% off,4.1,(375)
The Power of Your Subconscious Mind  - Unlock Your Mast...,₹191,₹199,4% off,4.5,"(65,460)"
The Monk Who Sold His Ferrari,₹230,₹275,16% off,4.4,(491)
How to Stop Worrying and Start Living  - The First and ...,₹134,₹195,31% off,4.3,"(1,056)"
The First Minute,₹238,"₹2,122",88% off,4.2,(36)
A Little Book of Happiness,₹315,₹350,10% off,4.4,(753)
"I'm Ok, You're Ok",₹449,₹499,10% off,4.2,(322)
Textbook Of Applied Psychology & Sociology For B.Sc Nur...,₹595,₹600,N/A,N/A,N/A
Influence,₹559,₹699,20% off,4.2,(80)
Mind Games : The Dual Facets Of Manipulation And Dark P...,₹199,₹300,33% off,N/A,N/A
Statistics in Psychology and Education Sixth Edition,₹245,₹350,30% off,4.4,(207)
Think and Grow Rich,₹278,₹400,30% off,N/A,N/A
The Power of Your Subconscious Mind,₹188,₹250,24% off,4.5,(86)
Games People Play,₹199,₹499,60% off,4.2,(677)
Think and Grow Rich,₹220,₹250,12% off,4.5,"(72,752)"
The Comfort Crisis,₹599,"₹1,745",65% off,4.7,(9)
The Power Of Your Subconscious Mind (Marathi),₹189,₹199,5% off,4.4,(484)
Emotional Intelligence,₹839,₹999,16% off,4.4,"(2,628)"
Find Your Why,₹559,₹999,44% off,4.7,(151)
As a Man Thinketh (மனிதனின் எண்ணங்கள்),₹128,₹150,14% off,4.1,(62)
As a Man Thinketh (மனிதனின் எண்ணங்கள்),₹149,₹175,14% off,4.1,(62)
Psychology and Sociology for Nursing (Manovigyan avam S...,₹310,₹395,21% off,4.3,(11)
Neelkanth - Applied Psychology (PSYC 120) - I Semester,₹297,₹320,7% off,4.7,(7)
The Psychology of Screenwriting,₹494,₹499,1% off,4.3,(16)
Moonwalking with Einstein,₹235,"₹1,799",86% off,4.3,(708)
Man Ki Uljhan Kaise Suljhaye 1 Edition,₹208,₹250,16% off,4.3,(290)
Games People Play,₹195,"₹1,299",84% off,4.2,(677)
Think and Grow Rich  - Think and Grow Rich,₹220,₹300,26% off,4.5,"(72,752)"
Mindset  - Mindset with 2 Disc,₹204,₹399,48% off,4.5,"(2,473)"
The Monk Who Sold His Ferrari,₹165,₹199,17% off,4.4,(322)
Mahan Banne ki Kala (महान बनने की कला),₹149,₹175,14% off,4.3,(29)
Psycho-Cybernetics,₹897,₹975,8% off,4.4,(190)
Leadership: The Brian Tracy Success Library (Telugu),₹143,₹150,4% off,4.1,(9)
"The psychology of money  - Paperback, Morgan housel boo...",₹299,₹398,24% off,4.5,"(17,008)"
Phychology Of Money Book Rich Dad,₹299,₹891,66% off,4.2,"(9,024)"
The Art of Happiness,₹399,₹499,20% off,4.5,(671)
Power of Positive Thinking,₹211,N/A,N/A,4.4,(611)
Arthachya Shodhat,₹150,N/A,N/A,4.4,(314)
Dale Carnegie : How to Stop Worrying and Start Living,₹191,N/A,N/A,4.5,(19)
How to Stop Worrying and Start Living  - The First and ...,₹134,₹195,31% off,4.3,"(1,056)"
The Psychology Of Money - Hindi Edition (Dhan -Sampatti...,₹295,₹298,1% off,4.1,(375)
Sabse Mushkil Kaam Sabse Pahle,₹178,₹225,20% off,4.5,"(1,992)"
The Practicing Mind,₹270,₹275,1% off,4.5,(271)
Mind Games : The Dual Facets Of Manipulation And Dark P...,₹199,₹300,33% off,N/A,N/A
Statistics for Economics Class 11 for 2020 Exam  - As P...,₹200,₹206,2% off,4.4,(66)
Shiksha Manovigyan Avam Shiksha Shastra  - Educational ...,₹140,₹380,63% off,4,(17)
Psychology 1 Edition,₹306,₹340,10% off,3.8,(102)
How to Develop Self Confidence and Improve Public Speak...,₹228,₹275,17% off,4.2,(53)
Think and Grow Rich,₹220,₹250,12% off,4.5,"(72,752)"
Meditations,₹195,₹225,13% off,4.4,"(2,322)"
Grit,₹399,₹599,33% off,4.4,(542)
Leader in You,₹203,₹300,32% off,4.6,(31)
Megaliving,₹275,₹299,8% off,4.5,"(1,392)"
The Leader in You,₹143,₹150,4% off,4.4,(345)
Create This Book 2,₹397,"₹1,524",73% off,4.3,(99)
Hints For Self Culture,₹360,₹399,9% off,4.5,(218)
As a Man Thinketh (மனிதனின் எண்ணங்கள்),₹149,₹175,14% off,4.1,(62)
The Psychology of the Esoteric,₹170,₹200,15% off,4.6,(38)
Manovigyan (Psychology) Class 11  - Strictly according ...,₹270,₹300,10% off,4,(14)
Psychology Behind Horror Movies,₹99,N/A,N/A,4.8,(4)
75 Ways to Positive Outlook,₹200,₹250,20% off,4,(3)
Jeet Ya Haar Raho Tayaar,₹250,N/A,N/A,4.3,(77)
Think and Grow Rich,₹205,₹214,4% off,4.5,"(72,752)"
Will,₹291,₹799,63% off,4.6,(333)
The Master Key to Riches,₹176,₹195,9% off,N/A,N/A
The Story of My life,₹176,₹195,9% off,4.4,"(2,716)"
Chanakya Neeti,₹272,₹345,21% off,3.9,(90)
Adult Children of Emotionally Immature Parents,₹390,"₹1,999",80% off,4.4,(8)
The Power of Your Subconscious Mind (Telugu),₹191,₹201,4% off,4.4,"(1,063)"
As a Man Thinketh & Out from the Heart in Hindi (मनुष्य...,₹128,₹150,14% off,4,(155)
Abnormal Psychology Eighth Edition,₹809,N/A,N/A,4.1,(11)
Self-love,₹150,N/A,N/A,4,(6)
Abnormal Psychology : Clinical Perspectives on Psycholo...,₹779,₹835,6% off,4.8,(13)
How to Stop Worrying and Start Living  - The First and ...,₹134,₹195,31% off,4.3,"(1,056)"
The Psychology Of Money - Hindi Edition (Dhan -Sampatti...,₹295,₹298,1% off,4.1,(375)
The First Minute,₹227,"₹2,122",89% off,4.2,(36)
"The Greatness Guide 1st Edition, 2006 Edition",₹276,₹325,15% off,4.5,(811)
Irade Hon to Aise,₹240,₹300,20% off,4.3,(174)
Miracles of Your Mind,₹106,₹150,29% off,4.3,"(1,835)"
Mind Games : The Dual Facets Of Manipulation And Dark P...,₹199,₹300,33% off,N/A,N/A
Atomic Habits {2015} English Paperback,₹299,₹499,40% off,4.3,(269)
The Little Book of Hygge,₹569,₹599,5% off,4.5,(307)
Organisational Psychology,₹153,₹170,10% off,4.7,(3)
Emotional Manipulation,₹150,N/A,N/A,4.4,(14)
PSYCHOLOGY,₹100,N/A,N/A,4.4,(8)
David and Goliath,₹449,₹599,25% off,4.5,(289)
How to Get Success as a Teenager,₹160,N/A,N/A,4.2,(43)
How to Develop Self Confidence and Improve Public Speak...,₹339,₹445,23% off,4.2,(53)
Think and Grow Rich (Marathi),₹191,₹199,4% off,4,(56)
How To Stop Worrying And Start Living,₹750,₹855,12% off,4.5,"(10,296)"
Kya Aap Aamir Banana Chahate Hai,₹128,₹150,14% off,4.9,(7)
Haan Tum Ek Vijeta Ho 1 Edition,₹208,₹250,16% off,4.4,(98)
Mitra Joda Ani Lonkanvar Prabhav Pada  - The First and ...,₹199,₹210,5% off,4.5,(191)
Samvaad Safalta ki Kunji (संवाद सफलता की कुंजी),₹128,₹150,14% off,4.4,(24)
Think Like a Freak,₹435,₹599,27% off,4.2,(111)
Psychology 1 Edition,₹180,₹200,10% off,4.9,(8)
The PSYCHOLOGICAL effect of COLORS in our life,₹200,N/A,N/A,N/A,N/A
Exploring Social Psychology |,₹599,N/A,N/A,4.4,(10)
Psycho-Cybernetics (Updated and Expanded),₹384,"₹1,681",77% off,4.6,(29)
Feel The Fear And Do It Anyway,₹434,₹499,13% off,4.4,(322)
Get Epic Shit Done,₹361,₹399,9% off,4.7,(3)
The Master Key System,₹298,₹350,14% off,4.4,(42)
Jeet Ya Haar Raho Tayaar,₹225,N/A,N/A,3.8,(19)
"55 Questions to Ask Yourself, Across 8 Dimensions for a...",₹247,₹249,N/A,4.4,(195)
The Power Of Your Subconscious Mind (revised),₹195,N/A,N/A,4.4,"(2,406)"
How to Own Your Own Mind,₹255,₹299,14% off,4.3,(82)
Think Like A Monk (Tamil),₹399,₹499,20% off,4.6,(60)
Win Every Argument,₹699,"₹2,336",70% off,4.2,(10)
Social Psychology,₹200,N/A,N/A,3.9,(7)
"MPC-001: Cognitive Psychology, Learning and Memory (IGN...",₹212,₹350,39% off,N/A,N/A
MPC-004: Advanced Social Psychology (IGNOU Study Guide ...,₹220,₹350,37% off,N/A,N/A
The Power of Your Subconscious Mind�(Malayalam),₹203,₹229,11% off,5,(5)
The Power of Subconscious Mind (Marathi),₹191,₹199,4% off,4,(51)
"The psychology of money  - Paperback, Morgan housel boo...",₹299,₹398,24% off,4.5,"(17,008)"
Phychology Of Money Book Rich Dad,₹299,₹891,66% off,4.2,"(9,024)"
Leadership Ki Udaan (??????? ?? ?????),₹143,₹175,18% off,4.4,(312)
Mastery,₹430,"₹2,189",80% off,4.4,(788)
Unwinding Anxiety,₹585,₹699,16% off,4.3,(13)
Irade Hon to Aise,₹118,₹275,57% off,4.3,(174)
The Power of Your Subconscious Mind,₹306,₹395,22% off,4.5,"(1,632)"
The Psychology Of Money - Hindi Edition (Dhan -Sampatti...,₹295,₹298,1% off,4.1,(375)
Introduction to Psychology Schaum's Outline,₹579,₹750,22% off,3.3,(3)
Educart CBSE Class 12 PSYCHOLOGY Sample Paper 2022 (Wit...,₹220,₹249,11% off,3.9,(21)
Mind Games : The Dual Facets Of Manipulation And Dark P...,₹199,₹300,33% off,N/A,N/A
Atomic Habits {2015} English Paperback,₹299,₹499,40% off,4.3,(269)
Swasthya Manovigyan Health Psychology 1 Edition,₹210,N/A,N/A,3.9,(15)
Unlimited Power,₹304,₹599,49% off,4.5,(707)
Notes From A Friend,₹369,₹399,7% off,4.6,(29)
How to Stop Worrying and Start Living,₹196,₹280,30% off,4.5,"(10,296)"
Simple Trading Book New Patterns Trading Psychology New...,₹999,"₹3,999",75% off,4.3,(4)
How to Stop Worrying and Start Living  - The First and ...,₹134,₹195,31% off,4.3,"(1,056)"
The Leader in You,₹258,₹300,14% off,4.4,(345)
The Leader in You,₹212,₹249,14% off,4.4,(345)
The First Minute,₹238,"₹2,122",88% off,4.2,(36)
The Psychology Of Money In Hindi,₹299,₹599,50% off,4,(85)
How to Win Friends and Influence People (Deluxe Hardbou...,₹379,₹499,24% off,4.7,(25)
How To Have A Beautiful Mind,₹450,₹599,24% off,4.4,(58)
Elon Musk Ke 99 Success Principles,₹246,₹300,18% off,4.3,(3)
Aur Safal Bane,₹293,₹350,16% off,4.5,(390)
The Miracles of Your Mind,₹207,₹245,15% off,4.4,"(1,213)"
Make Your Bed,₹288,₹329,12% off,4.5,(660)
Leadership: The Brian Tracy Success Library (Telugu),₹143,₹150,4% off,4.1,(9)
Sports Psychology and Sociology (B.P.Ed. Physical Educa...,₹200,₹300,33% off,4.3,(8)
Be What You Wish,₹211,₹275,23% off,4.5,(100)
Time Wise,₹499,₹811,38% off,4.8,(10)
APC Mentor in Psychology (In Question-Answer Form) Clas...,₹450,N/A,N/A,4.7,(6)
Learning and Teaching Psychology,₹306,₹400,23% off,N/A,N/A
Complete Personality Development,₹166,₹195,14% off,4.2,(470)
Complete Personality Development Course,₹149,₹175,14% off,4.4,(271)
Four Thousand Weeks,₹269,₹599,55% off,4.3,(40)
Evolve Your Brain,₹899,"₹1,687",46% off,4.3,(6)
Zen: The Art of Simple Living,₹524,₹599,12% off,4.6,(681)
The Defining Decade  - Why Your Twenties Matter and How...,₹399,₹499,20% off,4.6,(157)
"The psychology of money  - Paperback, Morgan housel boo...",₹299,₹398,24% off,4.5,"(17,008)"
Phychology Of Money Book Rich Dad,₹299,₹891,66% off,4.2,"(9,024)"
Jeevan Me Safal Hone Ke Upaye 1 Edition,₹208,₹250,16% off,4,(72)
How to Win Friends and Influence People,₹156,₹170,8% off,4.5,"(28,508)"
Bhagwad Geeta Se Sikhen Safalta Ke Sutra,₹149,₹175,14% off,4.3,(49)
Sports Psychology and Sociology (B.P.Ed. Physical Educa...,₹200,₹300,33% off,4.3,(8)
The Psychology Of Money - Hindi Edition (Dhan -Sampatti...,₹295,₹298,1% off,4.1,(375)
Mind Games : The Dual Facets Of Manipulation And Dark P...,₹199,₹300,33% off,N/A,N/A
Awaken Your Inner Optimist: A Guide to Positive Psychol...,₹395,₹490,19% off,N/A,N/A
Psychology and Death,₹315,₹395,20% off,N/A,N/A
Atomic Habits {2015} English Paperback,₹299,₹499,40% off,4.3,(269)
Simple Trading Book New Patterns Trading Psychology New...,₹999,"₹3,999",75% off,4.3,(4)
How to Develop Self Confidence and Improve Public Speak...,₹339,₹445,23% off,4.2,(53)
The Earned Life,₹462,₹799,42% off,4.5,(4)
"As a Man Thinketh (PREMIUM PAPERBACK, PENGUIN INDIA)",₹124,₹125,N/A,4.3,(65)
Atma-Sakshatkar Abhi Baki Hai....,₹181,₹199,9% off,4.2,(11)
The Power of Your Subconscious Mind,₹306,₹395,22% off,4.5,"(1,632)"
The Miracles of Your Mind,₹207,₹245,15% off,4.4,"(1,213)"
Breath,₹299,₹699,57% off,4.6,(94)
Personality Plus (English),₹319,₹350,8% off,4.4,(202)
The First Minute,₹238,"₹2,122",88% off,4.2,(36)
How to Stop Worrying and Start Living  - The First and ...,₹134,₹195,31% off,4.3,"(1,056)"
How To Win Friends & Influence People (Telugu),₹191,₹201,4% off,4.3,(95)
The Richest Man in Babylon in Marathi (बेबीलोनचा सर्वां...,₹213,₹250,14% off,4.3,(7)
Happiness Unlimited  - How to be Happy-always!,₹297,₹399,25% off,4.6,(36)
The Moment of Lift,₹278,₹550,49% off,4.5,(146)
The Psychology Of Money In Hindi,₹299,₹599,50% off,4,(85)
Be What You Wish,₹211,₹275,23% off,4.5,(100)
My Spiritual Psychology,₹328,₹399,17% off,N/A,N/A
Psychology and Law for BA LLB & LLB By Dr. Naghma Javed...,₹175,₹190,7% off,4.6,(27)
Together With CUET UG Entrance Exam Books 2024 Psycholo...,₹299,N/A,N/A,N/A,N/A
The Art of Living,₹262,₹345,24% off,4.5,(117)
MPC-005: Research Methods in Psychology (IGNOU Study Gu...,₹212,₹350,39% off,N/A,N/A
Padakar Zilo Safalta Melavo,₹83,₹125,33% off,4.7,(10)
Ichchha Shakti,₹191,₹200,4% off,4.3,(52)
Outliers,₹428,₹599,28% off,4.5,"(2,059)"
Civilization and Its Discontents,₹223,₹295,24% off,4.4,(122)
Make Your Bed,₹288,₹329,12% off,4.5,(660)
Modern Gurukul,₹191,₹250,23% off,N/A,N/A
It Only Takes A Minute To Change Your Life (Marathi),₹225,₹250,10% off,4.3,(87)
Phychology Of Money Book Rich Dad,₹299,₹891,66% off,4.2,"(9,024)"
The Psychology Of Money - Hindi Edition (Dhan -Sampatti...,₹295,₹298,1% off,4.1,(375)
How to Win Friends and Influence People,₹130,₹150,13% off,4.5,"(28,508)"
The Heart Of Buddha's Teaching,₹449,₹599,25% off,4.7,(305)
Manovigyan: Manovigyan Ke Adhar Evam Prayogik Manovigya...,₹169,₹190,11% off,4.5,(19)
Statistics in Psychology  - Manovigyan Me Sankhyiki,₹234,₹260,10% off,3.7,(16)
"The psychology of money  - Paperback, Morgan housel boo...",₹299,₹398,24% off,4.5,"(17,008)"
Rich Dad Poor Dad &The Psychology Of Money Hindi,₹349,₹999,65% off,4.2,"(3,473)"
Social Psychology,₹418,₹465,10% off,4.1,(11)
HBR's 10 Must Reads on Public Speaking and Presenting (...,₹599,₹750,20% off,4.8,(16)
The Power of Your Subconscious Mind,₹306,₹395,22% off,4.5,"(1,632)"
Mind Games : The Dual Facets Of Manipulation And Dark P...,₹199,₹300,33% off,N/A,N/A
The Power of the Spoken Word,₹149,N/A,N/A,4.2,(30)
Notes From A Friend,₹369,₹399,7% off,4.6,(29)
Everything Is Out of Syllabus,₹318,₹399,20% off,4.5,(44)
Who Will Cry When You Die?,₹182,₹199,8% off,4.4,"(1,701)"
Atomic Habits {2015} English Paperback,₹299,₹499,40% off,4.3,(269)
Simple Trading Book New Patterns Trading Psychology New...,₹999,"₹3,999",75% off,4.3,(4)
A Whole New Mind,₹745,"₹1,199",37% off,4.2,(23)
Jeet Sako to Jeet Lo Hindi,₹113,₹150,24% off,5,(3)
How to Stop Worrying and Start Living  - The First and ...,₹134,₹195,31% off,4.3,"(1,056)"
The First Minute,₹238,"₹2,122",88% off,4.2,(36)
How to Win Friends and Influence People  - The First an...,₹199,N/A,N/A,4.5,"(28,508)"
How to Win Friends and Influence People,₹175,₹231,24% off,4.5,"(28,508)"
Kaise Jeete Aur Prabhavshali Bane,₹372,₹500,25% off,4.8,(8)
"""DSSSB Educational Psychology / Sheshik Manovigyan (Pri...",₹380,₹450,15% off,4.7,(3)
The Psychology Of Money In Hindi,₹299,₹599,50% off,4,(85)
The Miracles of Your Mind,₹207,₹245,15% off,4.4,"(1,213)"
Social Psychology 1 Edition,₹178,₹200,11% off,4,(5)
Sports Psychology (M.P.Ed New Syllabus),₹180,₹300,40% off,3.6,(9)
Be What You Wish,₹211,₹275,23% off,4.5,(100)
Four Thousand Weeks,₹269,₹599,55% off,4.3,(40)
You Can Achieve More (Marathi),₹259,₹350,26% off,4.6,(49)
As a Man Thinketh,₹415,₹623,33% off,4.4,"(19,406)"
As a Man Thinketh,₹587,₹881,33% off,4.4,"(19,406)"
As A Man Thinketh,₹788,"₹1,182",33% off,4.4,"(19,406)"
Evolve Your Brain,₹899,"₹1,687",46% off,4.3,(6)
Atomic Attraction,₹449,"₹1,495",69% off,4.3,(20)
As a Man Thinketh,₹588,₹882,33% off,4.4,"(19,406)"
Our Iceberg is Melting,₹291,₹399,27% off,4.5,(115)
"The psychology of money  - Paperback, Morgan housel boo...",₹299,₹398,24% off,4.5,"(17,008)"
Phychology Of Money Book Rich Dad,₹299,₹891,66% off,4.2,"(9,024)"
How to Win Friends and Influence People,₹156,₹170,8% off,4.5,"(28,508)"
"Basic and Applied Psychology for Nurses, First edition",₹479,₹595,19% off,N/A,N/A
House Made Of Dawn [50th Anniversary Edition],₹675,₹699,3% off,N/A,N/A
Revolution 101: Manjunathism,₹307,₹350,12% off,N/A,N/A
The Power of Your Subconscious Mind,₹306,₹395,22% off,4.5,"(1,632)"
The Psychology Of Money - Hindi Edition (Dhan -Sampatti...,₹295,₹298,1% off,4.1,(375)
Modern Gurukul,₹141,₹150,6% off,N/A,N/A
HBR's 10 Must Reads on Public Speaking and Presenting (...,₹599,₹750,20% off,4.8,(16)
Mind Games : The Dual Facets Of Manipulation And Dark P...,₹199,₹300,33% off,N/A,N/A
Atomic Habits {2015} English Paperback,₹299,₹499,40% off,4.3,(269)
Who Will Cry When You Die?,₹182,₹199,8% off,4.4,"(1,701)"
You Can Achieve More (Marathi),₹259,₹350,26% off,4.6,(49)
The Science of Getting Rich,₹143,₹150,4% off,4.4,(448)
The Inner Game of Tennis,₹428,₹599,28% off,4.3,(54)
Simple Trading Book New Patterns Trading Psychology New...,₹999,"₹3,999",75% off,4.3,(4)
How to Stop Worrying and Start Living  - The First and ...,₹134,₹195,31% off,4.3,"(1,056)"
The Life-Changing Magic of Tidying,₹499,₹599,16% off,4.6,(227)
Developing Leadership & Management Skills,₹378,₹450,16% off,3.7,(3)
The First Minute,₹238,"₹2,122",88% off,4.2,(36)
The Psychology Of Money In Hindi,₹299,₹599,50% off,4,(85)
Personality Plus (English),₹319,₹350,8% off,4.4,(202)
Keys To A New Life,₹99,N/A,N/A,N/A,N/A
Manovigyan: Manovigyan Ke Adhar Evam Prayogik Manovigya...,₹169,₹190,11% off,4.5,(19)
Science of Success,₹528,₹595,11% off,N/A,N/A
The Miracles of Your Mind,₹207,₹245,15% off,4.4,"(1,213)"
Make Your Bed,₹288,₹329,12% off,4.5,(660)
Sports Psychology and sociology,₹200,₹300,33% off,4.2,(11)
How to Stop Worrying & Start Living,₹300,N/A,N/A,4.5,"(1,017)"
Be What You Wish,₹211,₹275,23% off,4.5,(100)
Time Wise,₹499,₹811,38% off,4.8,(10)
Pulling Your Own Strings,₹410,₹599,31% off,4.5,(26)
Dynamic Memory Methods,₹170,₹200,15% off,4.3,(165)
Law of Success,₹539,"₹1,399",61% off,N/A,N/A
Everything Is Out of Syllabus,₹318,₹399,20% off,4.5,(44)
Four Thousand Weeks,₹269,₹599,55% off,4.3,(40)
Evolve Your Brain,₹899,"₹1,687",46% off,4.3,(6)
Megaliving,₹229,₹250,8% off,4.2,(34)
The Subtle Art of Not Giving a F*ck,₹219,₹550,60% off,4.6,"(32,717)"
"The psychology of money  - Paperback, Morgan housel boo...",₹299,₹398,24% off,4.5,"(17,008)"
How to Stop Worrying and Start Living  - The First and ...,₹134,₹195,31% off,4.3,"(1,056)"
THE PSYCHOLOGY OF MAN'S POSSIBLE EVOLUTION,₹228,₹255,10% off,N/A,N/A
Gratefully Dead,₹332,₹335,N/A,N/A,N/A
Dream Psychology,₹797,₹995,19% off,N/A,N/A
The Art Of Non-conformity,₹874,₹950,8% off,4.3,(8)
Phychology Of Money Book Rich Dad,₹299,₹891,66% off,4.2,"(9,024)"
The Psychology Of Money - Hindi Edition (Dhan -Sampatti...,₹295,₹298,1% off,4.1,(375)
Noise,₹475,₹699,32% off,4.4,(114)
The Greatest Secret in the World,₹413,₹450,8% off,3.9,(17)
Mind Games : The Dual Facets Of Manipulation And Dark P...,₹199,₹300,33% off,N/A,N/A
Atomic Habits {2015} English Paperback,₹299,₹499,40% off,4.3,(269)
Kya Aap Nirash Hain?,₹200,₹250,20% off,4.3,(31)
The Science Of Being Great,₹99,N/A,N/A,N/A,N/A
Stand Strong,₹499,N/A,N/A,4.5,(57)
Smran Shakti Kaise Badhaye,₹236,₹295,20% off,4.8,(16)
Simple Trading Book New Patterns Trading Psychology New...,₹999,"₹3,999",75% off,4.3,(4)
Educart CBSE Psychology Class 12 Sample Paper 2023-24 (...,₹244,₹249,2% off,5,(3)
Chanakya in Daily Life,₹360,N/A,N/A,4.5,"(4,676)"
The Science of Getting Rich  - The Science of Getting R...,₹119,₹125,4% off,4.4,(448)
The First Minute,₹238,"₹2,122",88% off,4.2,(36)
The Psychology Of Money In Hindi,₹299,₹599,50% off,4,(85)
Time Wise,₹497,₹599,17% off,4.8,(10)
Educational Psychology in Bengali,₹199,₹220,9% off,3.7,(14)
Dream Psychology,₹297,₹349,14% off,N/A,N/A
Angels With No Faces,₹150,N/A,N/A,N/A,N/A
Together With CUET UG Entrance Exam Books 2024 Psycholo...,₹299,N/A,N/A,N/A,N/A
Make Your Bed,₹288,₹329,12% off,4.5,(660)
Lighter,₹359,₹699,48% off,4.7,(13)
The Magic of Faith  - The Power of Your Subconscious Mi...,₹212,₹245,13% off,4.5,(164)
Evolve Your Brain,₹899,"₹1,687",46% off,4.3,(6)
Neelkanth - Applied Psychology (PSYC 120) - I Semester,₹297,₹320,7% off,4.7,(7)
The Science of Being Great,₹266,₹345,22% off,N/A,N/A
Better Than Before,₹448,₹599,25% off,4.4,(54)
How To Enjoy Your Life And Job,₹166,₹325,48% off,4.4,(76)
The Heart Of Buddha's Teaching,₹449,₹599,25% off,4.7,(305)
Atomic Attraction,₹449,"₹1,495",69% off,4.3,(20)
Four Thousand Weeks,₹269,₹599,55% off,4.3,(40)
Memory Mind & Body + Scientific Method To Top Every Exa...,₹506,₹675,25% off,3.8,(4)
A Whole New Mind,₹745,"₹1,199",37% off,4.2,(23)
"The psychology of money  - Paperback, Morgan housel boo...",₹299,₹398,24% off,4.5,"(17,008)"
Phychology Of Money Book Rich Dad,₹299,₹891,66% off,4.2,"(9,024)"
Embracing Mind,₹997,"₹1,451",31% off,N/A,N/A
Gullybaba IGNOU 5th Semester CBCS BAG & BA Honours (Lat...,₹280,₹350,20% off,N/A,N/A
The Science of Mind,₹440,₹650,32% off,N/A,N/A
Linda Goodman's Love Signs,₹628,₹799,21% off,5,(3)
How to Stop Worrying and Start Living  - The First and ...,₹134,₹195,31% off,4.3,"(1,056)"
The Psychology Of Money - Hindi Edition (Dhan -Sampatti...,₹295,₹298,1% off,4.1,(375)
The Magic of Believing,₹246,₹299,17% off,4.3,(19)
Eight Pillars Of Prosperity,₹119,₹125,4% off,4.4,(8)
Mind Games : The Dual Facets Of Manipulation And Dark P...,₹199,₹300,33% off,N/A,N/A
Atomic Habits {2015} English Paperback,₹299,₹499,40% off,4.3,(269)
The Defining Decade (Revised),₹825,"₹1,299",36% off,4.2,(6)
Read People Like a Book,₹219,"₹2,599",91% off,4.1,(74)
Motivation,₹561,₹750,25% off,N/A,N/A
6 Attitudes for Winners,₹250,N/A,N/A,4.5,(69)
Simple Trading Book New Patterns Trading Psychology New...,₹999,"₹3,999",75% off,4.3,(4)
The Power of Your Subconscious Mind,₹306,₹395,22% off,4.5,"(1,632)"
Tiny Habits,₹488,₹699,30% off,4.4,(55)
Atmabalam Enna Kala,₹200,₹220,9% off,4.3,(3)
The Miracles of Your Mind,₹207,₹245,15% off,4.4,"(1,213)"
The First Minute,₹238,"₹2,122",88% off,4.2,(36)
A Text Book of APPLIED PSYCHOLOGY,₹250,₹295,15% off,N/A,N/A
Manovigyaan avam Samajshashtra (Psychology and Sociolog...,₹339,₹350,3% off,N/A,N/A
Immediate Action  - 7 Proven Hacks to Declutter Your Mi...,₹578,₹599,3% off,N/A,N/A
Made Out of Stars,₹419,₹499,16% off,4.4,(31)
The Psychology Of Money In Hindi,₹299,₹599,50% off,4,(85)
Educart CBSE Psychology Class 12 Sample Paper 2023-24 (...,₹244,₹249,2% off,5,(3)
All I Really Need to Know I Learned in Kindergarten,₹618,₹750,17% off,4.6,(12)
Dynamic Memory Methods,₹128,₹150,14% off,4.5,(48)
Be What You Wish,₹211,₹275,23% off,4.5,(100)
Together With CUET UG Entrance Exam Books 2024 Psycholo...,₹299,N/A,N/A,N/A,N/A
Get the Life You Want,₹643,₹699,8% off,4.9,(31)
Awakened Imagination,₹262,₹345,24% off,4.3,(40)
The Imaginary World of,₹643,₹699,8% off,4.8,(13)
The Confident Mind,₹650,₹799,18% off,4.2,(6)
The Art of Living,₹262,₹345,24% off,4.5,(117)
Civilization and Its Discontents,₹223,₹295,24% off,4.4,(122)
The Bravest You,₹598,₹650,8% off,4.8,(8)
Impossible? Possible?,₹113,₹150,24% off,4.6,(16)
How to Stop Worrying and Start Living  - The First and ...,₹134,₹195,31% off,4.3,"(1,056)"
The Psychology Of Money - Hindi Edition (Dhan -Sampatti...,₹295,₹298,1% off,4.1,(375)
100 Celebrities Suicides,₹293,₹300,2% off,N/A,N/A
Aatma Samman Kyun Aur Kaise Badhyein 1 Edition,₹200,₹250,20% off,4.2,(23)
Linda Goodman's Love Signs,₹628,₹799,21% off,5,(3)
Buy Happiness from a Bookshelf,₹385,₹399,3% off,5,(6)
Mind Games : The Dual Facets Of Manipulation And Dark P...,₹199,₹300,33% off,N/A,N/A
Atomic Habits {2015} English Paperback,₹299,₹499,40% off,4.3,(269)
The Magic of Believing,₹246,₹299,17% off,4.3,(19)
Eight Pillars Of Prosperity,₹119,₹125,4% off,4.4,(8)
Simple Trading Book New Patterns Trading Psychology New...,₹999,"₹3,999",75% off,4.3,(4)
The First Minute,₹238,"₹2,122",88% off,4.2,(36)
Dar Se Aage Badho Dar Ke Baad Hi Jeet Hai,₹113,₹150,24% off,4.2,(5)
Vichar Niyam,₹262,₹400,34% off,4.4,(226)
Concise Hindi - English Dictionary (Pocket Size) ( Hind...,₹201,₹250,19% off,3.7,(53)
To Sell Is Human,₹389,₹599,35% off,4.4,(168)
Four Thousand Weeks,₹269,₹599,55% off,4.3,(40)
The Psychology Of Money,₹299,₹999,70% off,4.2,(533)
How to Remain Ever Happy,₹190,₹195,2% off,4.6,(65)
PEACEFUL MIND FOR A BLISSFUL LIFE,₹287,₹299,4% off,N/A,N/A
Educart CBSE Psychology Class 12 Sample Paper 2023-24 (...,₹244,₹249,2% off,5,(3)
The Psychology Of Money In Hindi,₹299,₹599,50% off,4,(85)
Gullybaba IGNOU BA (Honours) 3rd Sem BPCC-107 Social Ps...,₹254,₹300,15% off,N/A,N/A
Game Your Mind,₹379,₹399,5% off,N/A,N/A
Made Out of Stars,₹419,₹499,16% off,4.4,(31)
All I Really Need to Know I Learned in Kindergarten,₹618,₹750,17% off,4.6,(12)
DBT Skills Manual for Adolescents,₹999,"₹3,999",75% off,N/A,N/A
Anand Path,₹280,₹299,6% off,4,(7)
You Belong,₹168,₹350,52% off,N/A,N/A
How to Win Friends & Influence People,₹296,₹349,15% off,4.5,"(16,518)"
SURA`S TNUSRB Sub Inspector SI Psychology And Previous ...,₹360,₹400,10% off,3.9,(19)
Dhan-Sampatti Ka Manovigyan (The Psychology Of Money),₹299,₹399,25% off,4.1,(328)
Get the Life You Want,₹643,₹699,8% off,4.9,(31)
Mahan Banne ki Kala (महान बनने की कला),₹149,₹175,14% off,4.3,(29)
Improve Your Memory Power (Tamil),₹236,₹295,20% off,4.2,(97)
Memory Mind & Body,₹166,₹195,14% off,4.2,(35)
SURA`S Psychology Especially For TNUSRB Stage II Male/F...,₹150,N/A,N/A,4.1,(154)
Audyogik ani sanghatanatmak Manasshastra,₹187,₹200,6% off,N/A,N/A
How to Win Friends and Influence People,₹130,₹150,13% off,4.5,"(28,508)"
Bada Socho Bada Bano,₹194,₹195,N/A,4.1,(39)
"The psychology of money  - Paperback, Morgan housel boo...",₹299,₹398,24% off,4.5,"(17,008)"
Phychology Of Money Book Rich Dad,₹299,₹891,66% off,4.2,"(9,024)"
Be What You Wish,₹271,₹345,21% off,4.5,(100)
Creative Visualization,₹945,"₹1,884",49% off,4.7,(62)
Dynamic Memory Methods,₹128,₹150,14% off,4,(7)
Be What You Wish,₹211,₹275,23% off,4.5,(100)
How to Stop Worrying and Start Living  - The First and ...,₹134,₹195,31% off,4.3,"(1,056)"
The Psychology Of Money - Hindi Edition (Dhan -Sampatti...,₹295,₹298,1% off,4.1,(375)
"Dear People, with Love and Care, Your Doctors",₹384,₹499,23% off,4.7,(36)
"Whatever You Think, Think the Opposite",₹459,₹499,8% off,4.3,(27)
Mind Games : The Dual Facets Of Manipulation And Dark P...,₹199,₹300,33% off,N/A,N/A
Atomic Habits {2015} English Paperback,₹299,₹499,40% off,4.3,(269)
Stumbling on Happiness,₹643,₹699,8% off,4.6,(26)
The Noonday Demon  - An Anatomy of Depression,₹551,₹599,8% off,4.7,(11)
Improve Your Memory Power 1 Edition,₹208,₹250,16% off,4.3,(47)
The Topper Who Never Went to College,₹204,₹225,9% off,4,(4)
Simple Trading Book New Patterns Trading Psychology New...,₹999,"₹3,999",75% off,4.3,(4)
The First Minute,₹238,"₹2,122",88% off,4.2,(36)
Control Stress,₹123,N/A,N/A,N/A,N/A
"This is Me, Bipolar-Free",₹999,N/A,N/A,N/A,N/A
The Psychology Of Money In Hindi,₹299,₹599,50% off,4,(85)
Together With CUET UG Entrance Exam Books 2024 Psycholo...,₹299,N/A,N/A,N/A,N/A
PENCILS,₹135,N/A,N/A,N/A,N/A
How to Take Charge of Your Life,₹551,₹599,8% off,4.8,(6)
Who Will Cry When You Die?,₹189,₹199,5% off,4.5,"(26,458)"
Rebel Ideas,₹509,"₹1,606",68% off,4.3,(8)
Civilization and Its Discontents,₹223,₹295,24% off,4.4,(122)
Make Your Bed,₹288,₹329,12% off,4.5,(660)
From Passion To Peace,₹143,₹150,4% off,4.3,(33)
Stress Diaries,₹533,₹599,11% off,4.3,(12)
The Quick and Easy Way to Effective Speaking  - Modern ...,₹321,₹445,27% off,4.2,"(2,488)"
Toward a Psychology of Being (General Press),₹289,₹325,11% off,N/A,N/A
The Complete Works of Florence Scovel Shinn Complete Wo...,₹643,₹699,8% off,5,(3)
I Can Make You Happy,₹551,₹599,8% off,4.3,(7)
The Story of My life,₹176,₹195,9% off,4.4,"(2,716)"
The Handbook for Highly Sensitive People,₹899,"₹1,423",36% off,N/A,N/A
The Power of Your Subconscious Mind,₹360,₹399,9% off,4.5,(86)
Neelkanth - Applied Psychology (PSYC 120) - I Semester,₹297,₹320,7% off,4.7,(7)
Quotes by Swami Vivekananda,₹120,N/A,N/A,4.2,(16)
Africa Coloring Book for Adults,₹124,N/A,N/A,N/A,N/A
"The psychology of money  - Paperback, Morgan housel boo...",₹299,₹398,24% off,4.5,"(17,008)"
Phychology Of Money Book Rich Dad,₹299,₹891,66% off,4.2,"(9,024)"
Journey of Awakening,₹449,₹499,10% off,5,(3)
As A Man Thinketh,₹788,"₹1,182",33% off,4.4,"(19,406)"
"Dear People, with Love and Care, Your Doctors",₹384,₹499,23% off,4.7,(36)
As a Man Thinketh,₹588,₹882,33% off,4.4,"(19,406)"
How to Stop Worrying and Start Living  - The First and ...,₹134,₹195,31% off,4.3,"(1,056)"
The Psychology Of Money - Hindi Edition (Dhan -Sampatti...,₹295,₹298,1% off,4.1,(375)
The Bravest You,₹598,₹650,8% off,4.8,(8)
How To Win Friends & Influence People  - The First and ...,₹113,₹225,49% off,4.5,"(16,518)"
Mind Games : The Dual Facets Of Manipulation And Dark P...,₹199,₹300,33% off,N/A,N/A
Atomic Habits {2015} English Paperback,₹299,₹499,40% off,4.3,(269)
Improve Your Memory Power 1 Edition,₹208,₹250,16% off,4.3,(47)
Impossible? Possible?,₹113,₹150,24% off,4.6,(16)
Happiness,₹414,₹450,8% off,5,(3)
KNOW YOUR MENTAL HEALTH,₹180,N/A,N/A,N/A,N/A
Simple Trading Book New Patterns Trading Psychology New...,₹999,"₹3,999",75% off,4.3,(4)
The Power of Your Subconscious Mind,₹306,₹395,22% off,4.5,"(1,632)"
its a new beginning,₹100,N/A,N/A,N/A,N/A
3 Important Points,₹199,N/A,N/A,N/A,N/A
The Miracles of Your Mind,₹207,₹245,15% off,4.4,"(1,213)"
The First Minute,₹238,"₹2,122",88% off,4.2,(36)
As a Man Thinketh,₹613,₹920,33% off,4.4,"(19,406)"
Manifest,₹247,₹799,69% off,4.5,(127)
As a Man Thinketh,₹587,₹881,33% off,4.4,"(19,406)"
As a Man Thinketh,₹415,₹623,33% off,4.4,"(19,406)"
The Psychology Of Money In Hindi,₹299,₹599,50% off,4,(85)
Educart CBSE Psychology Class 12 Sample Paper 2023-24 (...,₹244,₹249,2% off,5,(3)
Creative Visualization,₹945,"₹1,884",49% off,4.7,(62)
Most wanted Zindagi,₹175,N/A,N/A,4.6,(217)
Be What You Wish,₹211,₹275,23% off,4.5,(100)
Together With CUET UG Entrance Exam Books 2024 Psycholo...,₹299,N/A,N/A,N/A,N/A
"The Art of Thinking Clearly: Better Thinking, Better De...",₹380,₹420,9% off,4.4,"(2,252)"
The Appointment,₹459,₹599,23% off,4.3,(8)
The Power of Your Subconscious Mind,₹167,N/A,N/A,4.5,"(65,460)"
Stop Not Till the Goal is Reached,₹190,₹195,2% off,4.6,(227)
Success Through a Positive Mental Attitude,₹351,₹445,21% off,4.5,"(2,162)"
The Art of Living,₹262,₹345,24% off,4.5,(117)
PENCILS,₹135,N/A,N/A,N/A,N/A
Men's Lifestyle Simplified,₹125,N/A,N/A,N/A,N/A
"The psychology of money  - Paperback, Morgan housel boo...",₹299,₹398,24% off,4.5,"(17,008)"
Phychology Of Money Book Rich Dad,₹299,₹891,66% off,4.2,"(9,024)"
The Road Less Travelled,₹466,₹499,6% off,4.4,(979)
As a Man Thinketh,₹978,"₹1,467",33% off,4.4,"(19,406)"
The Little Book of Encouragement,₹299,N/A,N/A,4.5,(128)
Miracles of Your Mind,₹126,₹150,16% off,4.2,(98)
The Power of Your Subconscious Mind,₹306,₹395,22% off,4.5,"(1,632)"
The Psychology Of Money - Hindi Edition (Dhan -Sampatti...,₹295,₹298,1% off,4.1,(375)
The Law of Forgiveness,₹598,₹650,8% off,4.2,(5)
Leaders,₹551,₹599,8% off,4.7,(3)
Mind Games : The Dual Facets Of Manipulation And Dark P...,₹199,₹300,33% off,N/A,N/A
Atomic Habits {2015} English Paperback,₹299,₹499,40% off,4.3,(269)
Your Infinite Power to be Rich,₹782,"₹1,182",33% off,5,(3)
The Richest Man in Babylon (बेबीलोनचा सर्वांत श्रीमंत व...,₹128,₹150,14% off,4.2,(25)
The Key To Happiness,₹299,N/A,N/A,N/A,N/A
Men's Lifestyle Simplified,₹125,N/A,N/A,N/A,N/A
Simple Trading Book New Patterns Trading Psychology New...,₹999,"₹3,999",75% off,4.3,(4)
How to Stop Worrying and Start Living  - The First and ...,₹134,₹195,31% off,4.3,"(1,056)"
Africa Coloring Book for Adults,₹124,N/A,N/A,N/A,N/A
The Art of Stopping Time,₹459,₹499,8% off,4.1,(15)
The First Minute,₹238,"₹2,122",88% off,4.2,(36)
The Psychology Of Money In Hindi,₹299,₹599,50% off,4,(85)
Positive Thinking Hi Safalta Ka Sutra,₹169,₹225,24% off,4.1,(18)
How to Win Friends and Influence People,₹173,₹195,11% off,4.5,"(28,508)"
Loving What Is,₹919,₹999,8% off,4.3,(8)
Be What You Wish,₹271,₹345,21% off,4.5,(100)
Make Your Bed,₹288,₹329,12% off,4.5,(660)
Be What You Wish,₹211,₹275,23% off,4.5,(100)
The Examined Life,₹459,₹499,8% off,5,(4)
Turning Point,₹277,₹295,6% off,4.3,(3)
Time Wise,₹499,₹811,38% off,4.8,(10)
The Power of Concentration,₹232,₹295,21% off,4.6,(281)
The Handbook for Highly Sensitive People,₹899,"₹1,423",36% off,N/A,N/A
I Can Make You Happy,₹551,₹599,8% off,4.3,(7)
Life Changing Habits,₹229,₹295,22% off,4.4,(7)
Attribution  - Perceiving the causes of behaviour,₹100,N/A,N/A,N/A,N/A
Four Thousand Weeks,₹269,₹599,55% off,4.3,(40)
Evolve Your Brain,₹899,"₹1,687",46% off,4.3,(6)
Organizational Psychology First Edition,₹455,N/A,N/A,N/A,N/A
Unicorn Coloring Book  - For Adults,₹130,N/A,N/A,N/A,N/A
"The psychology of money  - Paperback, Morgan housel boo...",₹299,₹398,24% off,4.5,"(17,008)"
Phychology Of Money Book Rich Dad,₹299,₹891,66% off,4.2,"(9,024)"
"Act Like a Success, Think Like a Success",₹675,N/A,N/A,4.7,(15)
Gratitude  - Let the Universe do its Magic,₹388,₹399,2% off,5,(3)
The Noonday Demon  - An Anatomy of Depression,₹551,₹599,8% off,4.7,(11)
The Complete Works of Florence Scovel Shinn Complete Wo...,₹643,₹699,8% off,5,(3)
The Psychology Of Money - Hindi Edition (Dhan -Sampatti...,₹295,₹298,1% off,4.1,(375)
Mind Games : The Dual Facets Of Manipulation And Dark P...,₹199,₹300,33% off,N/A,N/A
Girl Code,₹459,₹499,8% off,4.3,(15)
100 Ways to Bring Out Your Best,₹150,N/A,N/A,4.6,(9)
Simple Trading Book New Patterns Trading Psychology New...,₹999,"₹3,999",75% off,4.3,(4)
Atomic Habits {2015} English Paperback,₹299,₹499,40% off,4.3,(269)
Unshakeable,₹840,₹899,6% off,4.4,(212)
ORGANIZATIONAL PSYCHOLOGY FROM VITHURA NEETHI,₹120,N/A,N/A,N/A,N/A
Mental Wellness with Inner Child Healing,₹350,N/A,N/A,N/A,N/A
Apeksha / અપેક્ષા,₹169,N/A,N/A,3.7,(3)
How to Stop Worrying and Start Living  - The First and ...,₹134,₹195,31% off,4.3,"(1,056)"
The First Minute,₹238,"₹2,122",88% off,4.2,(36)
How to Win Friends and Influence People,₹153,₹279,45% off,4.5,"(28,508)"
Secrets of Happiness,₹190,₹195,2% off,4.6,(11)
The Psychology Of Money In Hindi,₹299,₹599,50% off,4,(85)
Make Your Bed,₹288,₹329,12% off,4.5,(660)
Develop Self Confidence Improve Public Speacking,₹160,N/A,N/A,4.4,(145)
Sensemaking,₹494,₹499,1% off,4.4,(7)
Safalta Ka Rahasya,₹115,N/A,N/A,4.6,(65)
Finding the Magic in You,₹188,₹199,5% off,4.7,(26)
Time Wise,₹499,₹811,38% off,4.8,(10)
Evolve Your Brain,₹899,"₹1,687",46% off,4.3,(6)
The Luck Factor,₹414,₹450,8% off,4.3,(13)
Who Stole the American Dream?,₹195,₹199,2% off,4.3,(124)
Four Thousand Weeks,₹269,₹599,55% off,4.3,(40)
NLP Secrets,₹149,₹175,14% off,3.6,(7)
Mindfulness Word Searches,₹506,₹550,8% off,4.8,(4)
Boost Your Brain Power,₹197,₹220,10% off,4.2,(45)
Opportunity in Ambiguity,₹614,₹670,8% off,N/A,N/A
The Secrets To Master Your Mind,₹200,N/A,N/A,3.7,(3)
Nonviolent Communication: A Language of Life,₹499,"₹2,373",78% off,5,(5)
A Self-Help Guide for Copywriters,₹499,"₹1,818",72% off,N/A,N/A
Viruses structure,₹855,N/A,N/A,N/A,N/A
Memory,₹139,₹175,20% off,4.3,"(2,032)"
"The psychology of money  - Paperback, Morgan housel boo...",₹299,₹398,24% off,4.5,"(17,008)"
Phychology Of Money Book Rich Dad,₹299,₹891,66% off,4.2,"(9,024)"
Breath,₹449,₹599,25% off,4.6,(94)
Metaphysics of Success,₹185,₹201,7% off,4.7,(3)
Flourish,₹749,₹899,16% off,4.2,(9)
Tapping into Wealth,₹595,₹799,25% off,5,(2)
The Psychology Of Money - Hindi Edition (Dhan -Sampatti...,₹295,₹298,1% off,4.1,(375)
Mind Games : The Dual Facets Of Manipulation And Dark P...,₹199,₹300,33% off,N/A,N/A
Achha Insan Safal Vijeta Kaise Bane (પ્રામાણિક માણસ સફળ...,₹128,₹150,14% off,4.4,(37)
A Writer's Manual,₹125,₹195,35% off,4.5,(15)
Simple Trading Book New Patterns Trading Psychology New...,₹999,"₹3,999",75% off,4.3,(4)
Atomic Habits {2015} English Paperback,₹299,₹499,40% off,4.3,(269)
90 Mandalas Adult Coloring Book-vol1,₹225,N/A,N/A,N/A,N/A
Have a Peaceful Sleep.,₹180,N/A,N/A,N/A,N/A
"What I Need, What You Give Me",₹249,N/A,N/A,N/A,N/A
THE DISBELIEF HABIT,₹229,₹295,22% off,3.8,(4)
How to Stop Worrying and Start Living  - The First and ...,₹134,₹195,31% off,4.3,"(1,056)"
The First Minute,₹238,"₹2,122",88% off,4.2,(36)
Success Affirmations,₹446,₹499,10% off,4.4,(47)
Jeet Ya Haar Raho Tayaar,₹199,₹225,11% off,4.6,(647)
The Psychology Of Money In Hindi,₹299,₹599,50% off,4,(85)
Make Your Bed,₹288,₹329,12% off,4.5,(660)
Safal Vakta Safal Vyakti,₹210,₹250,16% off,4.4,(907)
The Dynamic Laws of Prosperity,₹301,₹345,12% off,4.6,(34)
The First Wisdom for You,₹709,₹750,5% off,5,(1)
Champion's Handbook  - Meteoric Guide For Meteoric Succ...,₹200,N/A,N/A,4.7,(15)
Time Wise,₹499,₹811,38% off,4.8,(10)
Evolve Your Brain,₹899,"₹1,687",46% off,4.3,(6)
How to Remain Ever Free,₹265,₹295,10% off,4.5,(33)
Crack the Shell That Covers You,₹120,N/A,N/A,4,(9)
Atomic Attraction,₹449,"₹1,495",69% off,4.3,(20)
Four Thousand Weeks,₹269,₹599,55% off,4.3,(40)
Apani Yaddashta Kaise Badhayen,₹191,₹200,4% off,4.3,(7)
CYBERPSYCHOLOGY,₹99,N/A,N/A,N/A,N/A
Scar,₹185,₹250,26% off,N/A,N/A
Ek mauka aur,₹105,N/A,N/A,N/A,N/A
NLP Secrets,₹149,₹175,14% off,3.6,(7)
Nonviolent Communication: A Language of Life,₹499,"₹2,373",78% off,5,(5)
Designing Your Life,₹389,₹599,35% off,4.4,(49)
Chatter,₹551,₹599,8% off,4.6,(35)
"The psychology of money  - Paperback, Morgan housel boo...",₹299,₹398,24% off,4.5,"(17,008)"
Phychology Of Money Book Rich Dad,₹299,₹891,66% off,4.2,"(9,024)"
The Magic of Thinking Big,₹459,₹499,8% off,4.5,"(7,397)"
"Think Higher, Aspire",₹248,₹250,N/A,4.5,(2)
The Essence of Role Contentment in Corporate Leadership,₹250,N/A,N/A,5,(1)
It's Up to You,₹215,N/A,N/A,4.7,(3)
The Power of Your Subconscious Mind,₹306,₹395,22% off,4.5,"(1,632)"
The Psychology Of Money - Hindi Edition (Dhan -Sampatti...,₹295,₹298,1% off,4.1,(375)
Sapanon Ka Sarathi,₹275,N/A,N/A,5,(6)
Ultimate Cookbook of Emotional Healing Recipes,₹350,N/A,N/A,N/A,N/A
Mind Games : The Dual Facets Of Manipulation And Dark P...,₹199,₹300,33% off,N/A,N/A
Atomic Habits {2015} English Paperback,₹299,₹499,40% off,4.3,(269)
HEALTH AND HAPPINESS,₹300,N/A,N/A,N/A,N/A
Mana nalamum aalumaium -Thirukural vazi. / மன நலமும் ஆள...,₹175,N/A,N/A,N/A,N/A
Emotion-Bound Society  - A Thesis on Alternative Social...,₹125,N/A,N/A,3.7,(3)
Daring Greatly,₹449,₹599,25% off,4.5,(126)
Simple Trading Book New Patterns Trading Psychology New...,₹999,"₹3,999",75% off,4.3,(4)
How to Stop Worrying and Start Living  - The First and ...,₹134,₹195,31% off,4.3,"(1,056)"
The Science Of Being Great,₹99,N/A,N/A,N/A,N/A
Antarik Antariksh Aur Swapna Yatra,₹199,N/A,N/A,4.7,(11)
The Miracles of Your Mind,₹207,₹245,15% off,4.4,"(1,213)"
The First Minute,₹238,"₹2,122",88% off,4.2,(36)
The Only Diet There Is,₹950,N/A,N/A,4.5,(2)
Dive Into Oneself,₹679,"₹1,143",40% off,N/A,N/A
Bharat Ki Pratham Mahilayein,₹228,₹295,22% off,4.1,(27)
Life's a Pitch,₹499,N/A,N/A,4.5,(2)
The Psychology Of Money In Hindi,₹299,₹599,50% off,4,(85)
Make Your Bed,₹288,₹329,12% off,4.5,(660)
Beyond Order,₹589,"₹2,533",76% off,4.5,(96)
Ha-Ha-Haklahat?,₹310,N/A,N/A,4,(27)
Be What You Wish,₹211,₹275,23% off,4.5,(100)
Time Wise,₹598,₹984,39% off,4.8,(10)
Khajoor ki Barfi Comics- Love is in the Moment,₹604,₹765,21% off,N/A,N/A
32 Mandalas Coloring Book,₹219,₹230,4% off,N/A,N/A
9 Secrets of Subconscious Mind,₹662,₹699,5% off,N/A,N/A
Designing Your Life,₹389,₹599,35% off,4.4,(49)
The Power of Concentration,₹232,₹295,21% off,4.6,(281)
Four Thousand Weeks,₹269,₹599,55% off,4.3,(40)
Neurodharma,₹643,₹699,8% off,N/A,N/A
A Monk's Guide to Happiness,₹410,₹550,25% off,4.9,(10)
Learn to Say No If You Don't Want to Say Yes,₹149,₹175,14% off,4,(69)
The Power Of Positive Thinking (Telugu),₹299,₹399,25% off,4,(196)
Super 30 Anand Ki Sangharsh-Gatha,₹216,₹250,13% off,4.5,(131)
The Hidden Spark,₹216,₹220,1% off,5,(5)
Group Psychology and The Analysis of the Ego,₹217,₹250,13% off,N/A,N/A
Khajoor ki Barfi Comics- Love is in the Moment,₹604,₹765,21% off,N/A,N/A
DISORIENTATION,₹165,N/A,N/A,N/A,N/A
The Art of Public Speaking,₹212,₹249,14% off,N/A,N/A
Feel-Good Productivity,₹575,₹799,28% off,4.9,(9)
Khushhaal Family Ke Funde,₹235,₹350,32% off,4,(5)
The Dynamic Laws of Prosperity,₹471,₹595,20% off,4.6,(34)
The Only Diet There Is,₹950,N/A,N/A,4.5,(2)
Aap Khud Hi Best Hain,₹224,₹300,25% off,4.3,(295)
Life Is All about Those…Moments  - Simple Powerful Expe...,₹150,N/A,N/A,4.8,(5)
The Marie Kondo Tidying Companion,₹592,₹899,34% off,N/A,N/A
Personality Development 14 Edition,₹231,₹260,11% off,4.1,(14)
Secrets of Mind Power,₹190,₹195,2% off,4.3,(125)
9 Secrets of Subconscious Mind,₹662,₹699,5% off,N/A,N/A
32 Mandalas Coloring Book,₹219,₹230,4% off,N/A,N/A
Mana nalamum aalumaium -Thirukural vazi. / மன நலமும் ஆள...,₹175,N/A,N/A,N/A,N/A
Antarik Antariksh Aur Swapna Yatra,₹199,N/A,N/A,4.7,(11)
In Pursuit of Happiness,₹150,N/A,N/A,5,(3)
Peak  - How All of Us Can Achieve Extraordinary Things,₹334,₹499,33% off,4.4,(41)
Compassion,₹360,₹450,20% off,4.5,(27)
Neurodharma,₹643,₹699,8% off,N/A,N/A
Samridhshali Jeevan Jiyein (समृद्धशाली जीवन जिएं),₹149,₹175,14% off,4.6,(9)
From Average to Awesome,₹220,N/A,N/A,4.5,(4)
Ye Jo Hai Zindagi,₹260,₹350,25% off,4.4,(17)
The Power of Your Subconscious Mind,₹199,"₹1,499",86% off,4.5,"(65,460)"
Dive Into Oneself,₹679,"₹1,143",40% off,N/A,N/A
Mindset - Indian Psychology and Cultural Divergence,₹296,₹299,1% off,N/A,N/A
Counselling the Abused Christian Woman,₹983,"₹1,157",15% off,N/A,N/A
Develop a Positive Attitude by Reducing your Work Stres...,₹235,₹237,N/A,N/A,N/A
The Law and the Promise,₹186,₹199,6% off,5,(10)
How to Win Friends and Influence People  - The First an...,₹449,₹595,24% off,4.5,"(28,508)"
A Monk's Guide to Happiness,₹410,₹550,25% off,4.9,(10)
Happiness@Success,₹233,₹300,22% off,4.3,(26)
The Power Of The Spoken Word,₹99,N/A,N/A,N/A,N/A
Life's a Pitch,₹499,N/A,N/A,4.5,(2)
Motivating Thoughts of Mahavira,₹269,₹300,10% off,4.7,(7)
"The psychology of money  - Paperback, Morgan housel boo...",₹299,₹398,24% off,4.5,"(17,008)"
Phychology Of Money Book Rich Dad,₹299,₹891,66% off,4.2,"(9,024)"
It's Up to You,₹215,N/A,N/A,4.7,(3)
The Essence of Role Contentment in Corporate Leadership,₹250,N/A,N/A,5,(1)
Codependent No More,₹561,₹750,25% off,N/A,N/A
Musings,₹270,N/A,N/A,N/A,N/A
The Psychology Of Money - Hindi Edition (Dhan -Sampatti...,₹295,₹298,1% off,4.1,(375)
Mind Games : The Dual Facets Of Manipulation And Dark P...,₹199,₹300,33% off,N/A,N/A
ADVANCED SOCIAL PSYCHOLOGY,₹196,₹299,34% off,N/A,N/A
1 Life... (Twice)2,₹550,₹575,4% off,N/A,N/A
Simple Trading Book New Patterns Trading Psychology New...,₹999,"₹3,999",75% off,4.3,(4)
Atomic Habits {2015} English Paperback,₹299,₹499,40% off,4.3,(269)
The Quantum Brain,₹244,₹295,17% off,4.6,(15)
The Art of Living,₹262,₹345,24% off,4.5,(117)
The Power of Meaning  - The True Route to Happiness,₹367,₹399,8% off,4.8,(5)
Shvaason par niyantran - svaasthy ko aamantran  - Ek Yo...,₹280,₹299,6% off,4,(7)
How to Stop Worrying and Start Living  - The First and ...,₹134,₹195,31% off,4.3,"(1,056)"
The First Minute,₹238,"₹2,122",88% off,4.2,(36)
Braintenance,₹599,₹799,25% off,N/A,N/A
Be Your Own Torchlight  - TRAVELOGUE FROM ASPIRATION TO...,₹160,N/A,N/A,5,(2)
The Psychology Of Money In Hindi,₹299,₹599,50% off,4,(85)
Make Your Bed,₹288,₹329,12% off,4.5,(660)
"Think Higher, Aspire",₹248,₹250,N/A,4.5,(2)
My Master,₹779,₹866,10% off,4.4,(21)
Build Self-Confidence 1 Edition,₹200,₹250,20% off,4.3,(39)
Napoleon Hill's Greatest Speeches,₹300,₹350,14% off,4.6,(10)
Time Wise,₹499,₹811,38% off,4.8,(10)
Evolve Your Brain,₹899,"₹1,687",46% off,4.3,(6)
"Overcoming ROCD  - Practical, self-help exercises to un...",₹340,N/A,N/A,N/A,N/A
Foundations of Psychology  - -Manovigyan Ke Aadhar (Acc...,₹189,₹210,10% off,N/A,N/A
Atomic Attraction,₹449,"₹1,495",69% off,4.3,(20)
Four Thousand Weeks,₹269,₹599,55% off,4.3,(40)
Neeraj Publications MPC-6 (STATISTICS IN PSYCHOLOGY),₹129,₹240,46% off,4,(3)
The Future of an Illusion,₹322,₹350,8% off,3.9,(17)
31 Mantras for Personality Development,₹169,₹175,3% off,3.9,(34)
Everything is Figureoutable,₹459,₹499,8% off,4.6,(40)
NLP Secrets,₹149,₹175,14% off,3.6,(7)
Nonviolent Communication: A Language of Life,₹499,"₹2,373",78% off,5,(5)
"The Sedona Method  - Your Key to Lasting Happiness, Suc...",₹650,N/A,N/A,5,(4)
Socho Aur Amir Bano,₹150,₹175,14% off,4.3,(20)
"The psychology of money  - Paperback, Morgan housel boo...",₹299,₹398,24% off,4.5,"(17,008)"
How to Stop Worrying and Start Living  - The First and ...,₹134,₹195,31% off,4.3,"(1,056)"
Heart Speaks 101 (Volume - 1),₹238,₹250,4% off,4,(14)
I Love Myself,₹262,₹275,4% off,4.3,(12)
Neeraj Publications N-328 (PSYCHOLOGY) (12th) [Flexibou...,₹126,₹280,55% off,N/A,N/A
Dream Psychology Psychoanalysis for Beginners,₹298,₹350,14% off,N/A,N/A
Phychology Of Money Book Rich Dad,₹299,₹891,66% off,4.2,"(9,024)"
The Psychology Of Money - Hindi Edition (Dhan -Sampatti...,₹295,₹298,1% off,4.1,(375)
Sports Psychology/Khel Manovigyan M.P.Ed. New Syllabus,₹450,₹650,30% off,N/A,N/A
The Journey,₹335,₹399,16% off,4.6,(8)
Mind Games : The Dual Facets Of Manipulation And Dark P...,₹199,₹300,33% off,N/A,N/A
Atomic Habits {2015} English Paperback,₹299,₹499,40% off,4.3,(269)
A Guide to Confident Living,₹254,₹299,15% off,4.5,(50)
Maybe It's You,₹494,₹499,1% off,4,(2)
Instant Confidence,₹699,N/A,N/A,4.6,(11)
The Psychology Book,₹909,"₹1,299",30% off,4.6,(110)
Simple Trading Book New Patterns Trading Psychology New...,₹999,"₹3,999",75% off,4.3,(4)
Educart CBSE Psychology Class 12 Sample Paper 2023-24 (...,₹244,₹249,2% off,5,(3)
Train Your Brain,₹205,₹225,8% off,4.1,(115)
Ikigai (इकिगाई),₹290,₹300,3% off,3.7,(3)
The First Minute,₹238,"₹2,122",88% off,4.2,(36)
The Psychology Of Money In Hindi,₹299,₹599,50% off,4,(85)
Bhartiya Police Jaisa Maine Dekha,₹149,₹150,N/A,4.4,(42)
Empathy,₹950,"₹1,424",33% off,4,(1)
Science of Mind Simplified,₹169,₹199,15% off,3.6,(5)
Yoga From Confusion to Clarity : Psychology of Yoga,₹984,"₹1,495",34% off,N/A,N/A
Together With CUET UG Entrance Exam Books 2024 Psycholo...,₹299,N/A,N/A,N/A,N/A
Make Your Bed,₹288,₹329,12% off,4.5,(660)
Psychology and Social Practice,₹80,N/A,N/A,4.4,(5)
Psychology of Dream,₹360,₹400,10% off,N/A,N/A
Neelkanth - Applied Psychology (PSYC 120) - I Semester,₹297,₹320,7% off,4.7,(7)
Time Wise,₹598,₹984,39% off,4.8,(10)
Khushhaal Family Ke Funde,₹125,N/A,N/A,4,(5)
The Confidence Game,₹551,₹599,8% off,4.7,(3)
Memory,₹186,₹299,37% off,4.3,"(2,032)"
The Power of Your Subconscious Mind�(Malayalam),₹203,₹229,11% off,5,(5)
Four Thousand Weeks,₹269,₹599,55% off,4.3,(40)
Evolve Your Brain,₹899,"₹1,687",46% off,4.3,(6)
The Joke and Its Relation to the Unconscious,₹459,₹499,8% off,4.4,(7)
The Art of Living,₹220,₹225,2% off,4.8,(10)
"The psychology of money  - Paperback, Morgan housel boo...",₹299,₹398,24% off,4.5,"(17,008)"
Phychology Of Money Book Rich Dad,₹299,₹891,66% off,4.2,"(9,024)"
Even Eagles Need a Push,₹899,N/A,N/A,4,(4)
Shiksha Manovigyan (Educational Psychology) Book,₹102,₹160,36% off,N/A,N/A
General Psychology With Practical Psychology,₹153,₹170,10% off,3.3,(3)
"Studies in the Psychology of Sex, Volume 4",₹540,₹649,16% off,N/A,N/A
The Psychology Of Money - Hindi Edition (Dhan -Sampatti...,₹295,₹298,1% off,4.1,(375)
Mind Games : The Dual Facets Of Manipulation And Dark P...,₹199,₹300,33% off,N/A,N/A
And Now For The Good News...,₹570,₹599,4% off,N/A,N/A
Awakening Consciousness  - Awaken Your Inner Power,₹378,₹399,5% off,3.7,(3)
Simple Trading Book New Patterns Trading Psychology New...,₹999,"₹3,999",75% off,4.3,(4)
Atomic Habits {2015} English Paperback,₹299,₹499,40% off,4.3,(269)
The Moral Compass,₹375,₹399,6% off,N/A,N/A
The Art of Public Speaking,₹352,₹445,20% off,4.4,(756)
Peoplewatching,₹799,N/A,N/A,4.4,(89)
Seedtime and Harvest,₹100,N/A,N/A,4.3,(13)
How to Stop Worrying and Start Living  - The First and ...,₹134,₹195,31% off,4.3,"(1,056)"
The First Minute,₹238,"₹2,122",88% off,4.2,(36)
7 Habits of Highly Effective People: 25th Anniversary E...,₹307,₹599,48% off,4.1,(398)
NLP Dwara Unlimited Success,₹383,₹600,36% off,4,(4)
The Psychology Of Money In Hindi,₹299,₹599,50% off,4,(85)
Make Your Bed,₹288,₹329,12% off,4.5,(660)
Success Through a Positive Mental Attitude,₹351,₹445,21% off,4.5,"(2,162)"
The Einstein Factor,₹855,"₹1,168",26% off,5,(3)
An Empirical Study of Behavioral Pattern of Seafarers: ...,₹387,₹425,8% off,N/A,N/A
Buddhist Psychology,₹348,₹395,11% off,N/A,N/A
Time Wise,₹598,₹984,39% off,4.8,(10)
Evolve Your Brain,₹899,"₹1,687",46% off,4.3,(6)
Thought - Forms and Hallucinations,₹369,₹399,7% off,N/A,N/A
The Law and Other Essays on Manifestation,₹262,₹345,24% off,4.9,(9)
Atomic Attraction,₹449,"₹1,495",69% off,4.3,(20)
Four Thousand Weeks,₹269,₹599,55% off,4.3,(40)
Jaichi Sugandhi Phule,₹391,₹395,1% off,5,(2)
The Presentation of Self in Everyday Life,₹599,"₹1,661",63% off,4.2,(6)
How The Secret Changed My Life,₹699,₹999,30% off,4.5,(657)
The Positive Principle Today,₹307,₹312,1% off,N/A,N/A
NLP Secrets,₹149,₹175,14% off,3.6,(7)
Nonviolent Communication: A Language of Life,₹499,"₹2,373",78% off,5,(5)
Just Reminding You…  - To Do What You Have Forgotten,₹185,N/A,N/A,4,(2)
Hindi Bhasha Vikas Aur Swaroop,₹363,₹600,39% off,4.2,(5)
"The psychology of money  - Paperback, Morgan housel boo...",₹299,₹398,24% off,4.5,"(17,008)"
How to Stop Worrying and Start Living  - The First and ...,₹134,₹195,31% off,4.3,"(1,056)"
Buddhist Psychology,₹348,₹395,11% off,N/A,N/A
Thought - Forms and Hallucinations,₹369,₹399,7% off,N/A,N/A
Advance Educational Psychology and Physical & Health Ed...,₹249,₹450,44% off,N/A,N/A
The Moral Compass,₹375,₹399,6% off,N/A,N/A
Phychology Of Money Book Rich Dad,₹299,₹891,66% off,4.2,"(9,024)"
The Psychology Of Money - Hindi Edition (Dhan -Sampatti...,₹295,₹298,1% off,4.1,(375)
The Law and Other Essays on Manifestation,₹262,₹345,24% off,4.9,(9)
The Man Who Lied To His Laptop,₹809,₹899,10% off,5,(2)
Mind Games : The Dual Facets Of Manipulation And Dark P...,₹199,₹300,33% off,N/A,N/A
Atomic Habits {2015} English Paperback,₹299,₹499,40% off,4.3,(269)
Linda Goodman's Sun Signs  - The Secret Codes of the Un...,₹449,₹599,25% off,4.6,(266)
Surrounded by Psychopaths,₹219,"₹2,025",89% off,4.3,(89)
Ha-Ha-Haklahat?,₹310,N/A,N/A,4,(27)
Train Your Brain,₹205,₹225,8% off,4.1,(115)
Simple Trading Book New Patterns Trading Psychology New...,₹999,"₹3,999",75% off,4.3,(4)
Educart CBSE Psychology Class 12 Sample Paper 2023-24 (...,₹244,₹249,2% off,5,(3)
Power of Your Subconscious Mind,₹551,₹599,8% off,4.5,"(55,629)"
Instant Happy,₹699,N/A,N/A,4.3,(4)
The First Minute,₹238,"₹2,122",88% off,4.2,(36)
The Psychology Of Money In Hindi,₹299,₹599,50% off,4,(85)
Bhartiya Police Jaisa Maine Dekha,₹149,₹150,N/A,4.4,(42)
BPC-02 Developmental Psychology,₹142,₹200,28% off,4.4,(48)
Pacify Your Anxious Mind  - The Simple Way to Tranquili...,₹345,N/A,N/A,N/A,N/A
Dream Psychology,₹329,₹375,12% off,N/A,N/A
Together With CUET UG Entrance Exam Books 2024 Psycholo...,₹299,N/A,N/A,N/A,N/A
Make Your Bed,₹288,₹329,12% off,4.5,(660)
Jaichi Sugandhi Phule,₹391,₹395,1% off,5,(2)
What Do You Say After You Say Hello,₹334,₹499,33% off,4.3,(47)
Neelkanth - Applied Psychology (PSYC 120) - I Semester,₹297,₹320,7% off,4.7,(7)
Time Wise,₹499,₹811,38% off,4.8,(10)
The Positive Principle Today,₹307,₹312,1% off,4,(13)
The Law and the Promise,₹266,₹279,4% off,4.7,(47)
Kyunki Jeena Isi Ka Naam Hai,₹239,₹300,20% off,3.8,(33)
I Love Myself,₹262,₹275,4% off,4.3,(12)
Four Thousand Weeks,₹269,₹599,55% off,4.3,(40)
Evolve Your Brain,₹899,"₹1,687",46% off,4.3,(6)
Daniel Goleman Omnibus,₹561,₹899,37% off,4.4,(194)
12 Rules for Life,₹237,₹503,52% off,4.5,"(2,528)"
